Workbook

Sheet Verdict
A1: SCR-III-B Primary Experiment — Result (2026-10-10)
A3: Axis | B3: Result | C3: Evidence
A4: G — constructive contraction | B4: PASS | C4: Grammar set 2,604 states; constructive G2, scan G1 and numpy audit agree; contraction below; G2 traversal identical at all windows (target-blind)
A5: P — physical preservation | B5: FAIL | C5: At W = 1 kT the target has 26 states; 10 in grammar, 16 excluded (FN = 16)
A6: T — independent transfer | B6: NOT_TESTED | C6: By protocol
A7: C — charged computational benefit | B7: NOT_ELIGIBLE | C7: Requires P PASS; no timing run; no speed claim either way
A9: Window chosen knowing public 1x1 (0.871 kT) and 2x2 (0.952 kT) gaps; blindness was low-energy-outcome only. Verifier shares authorship with grammar code. Run on a Linux VM, 2 CPUs.

Sheet Inputs_G
A1: Quantity | B1: Value | C1: Note
A2: Nominal configurations (2^24) | B2: =2^24 -> 16777216 | C2: 24 spins
A3: Grammar survivors | B3: 2604 | C3: Constructive = scan = numpy audit
A4: Materialized by G2 | B4: 2604 | C4: Counter 'materialized'
A5: G2 nodes visited | B5: 25786
A6: Nominal contraction | B6: =1-B4/B2 -> 0.99984479 | C6: H-G threshold >= 99%
A7: H-G contraction threshold | B7: 0.99 | C7: Frozen
A8: H-G contraction check | B8: =IF(B6>=B7,"PASS","FAIL") -> PASS
A9: k_B T (units of A) | B9: 0.010831 | C9: kT_J / A_J; approximate display value
A10: kT (J) | B10: 1.093474e-20 | C10: k_B x 792 K, exact SI k_B
A11: E0 (J) | B11: -9.2719948e-20 | C11: Frozen v007 anchor
A12: Δ_nonG (A units) | B12: 0.010212546 | C12: cpp nullgap = numpy audit
A13: Δ_nonG (J) | B13: 1.0310349e-20
A14: Δ_nonG / kT | B14: =B12/B9 -> 0.94289965 | C14: Excluded-state gap in kT
A15: tau (A units) | B15: 1.7206445e-10 | C15: 1e-9 x sum|K|

Sheet Windows
A1: Window | B1: W / kT | C1: Target states | D1: In grammar | E1: False exclusions (FN) | F1: Fraction preserved | G1: W / Δ_nonG | H1: Preserved? (W+tau < Δ) | I1: Unresolved boundary | J1: Solvers agree (B0,G1,G2,B1,E2) | K1: FN consistent with gap theorem
A2: 0.5 kT sensitivity | B2: 0.5 | C2: 2 | D2: 2 | E2: =C2-D2 -> 0 | F2: =D2/C2 -> 1 | G2: =B2*Inputs_G!$B$9/Inputs_G!$B$12 -> 0.53027913 | H2: =IF(B2*Inputs_G!$B$9+Inputs_G!$B$15<Inputs_G!$B$12,"yes","no") -> yes | I2: 0 | J2: yes | K2: =IF((E2=0)=(H2="yes"),"yes","NO") -> yes
A3: 1 kT PRIMARY | B3: 1 | C3: 26 | D3: 10 | E3: =C3-D3 -> 16 | F3: =D3/C3 -> 0.38461538 | G3: =B3*Inputs_G!$B$9/Inputs_G!$B$12 -> 1.0605583 | H3: =IF(B3*Inputs_G!$B$9+Inputs_G!$B$15<Inputs_G!$B$12,"yes","no") -> no | I3: 0 | J3: yes | K3: =IF((E3=0)=(H3="yes"),"yes","NO") -> yes
A4: 2 kT sensitivity | B4: 2 | C4: 434 | D4: 146 | E4: =C4-D4 -> 288 | F4: =D4/C4 -> 0.33640553 | G4: =B4*Inputs_G!$B$9/Inputs_G!$B$12 -> 2.1211165 | H4: =IF(B4*Inputs_G!$B$9+Inputs_G!$B$15<Inputs_G!$B$12,"yes","no") -> no | I4: 0 | J4: yes | K4: =IF((E4=0)=(H4="yes"),"yes","NO") -> yes
A6: Sensitivity windows cannot rescue the primary failure. Numpy audit target = B0 target at every window; zero near-boundary states.

Sheet FN_ids_1kT
A1: # | B1: Excluded target state id (primary window)
A2: 1 | B2: 2726297
A3: 2 | B3: 4613734
A4: 3 | B4: 5400166
A5: 4 | B5: 5531238
A6: 5 | B6: 5654118
A7: 6 | B7: 5662326
A8: 7 | B8: 5727846
A9: 8 | B9: 7759462
A10: 9 | B10: 9017753
A11: 10 | B11: 11049369
A12: 11 | B12: 11114889
A13: 12 | B13: 11123097
... A17: 16 | B17: 14050918
A19: Count | B19: =COUNT(B2:B17) -> 16
A20: Smallest id 2726297 attains Δ_nonG (0.9429 kT).

Sheet Nulls
A1: Metric | B1: N1 degree-preserving | C1: N2 free incidence | D1: Note
A2: Valid nulls | B2: 1000 | C2: 1000 | D2: cap 5,000 draws each
A3: Draws attempted | B3: 1000 | C3: 1009 | D3: N2: 9 empty-grammar rejections
A4: Survivors min | B4: 2552 | C4: 256
A5: Survivors median | B5: 2970 | C5: 2432
A6: Survivors max | B6: 7560 | C6: 6336
A7: Real survivors | B7: 2604 | C7: 2604
A8: Fraction of nulls with survivors <= real | B8: 0.016 | C8: 0.589 | D8: descriptive
A9: Δ_null median (A units) | B9: 0 | C9: 0
A10: Δ_null max (A units) | B10: 0.0077031551 | C10: 0
A11: Real Δ_nonG (A units) | B11: =Inputs_G!B12 -> 0.010212546 | C11: =Inputs_G!B12 -> 0.010212546
A12: Fraction of nulls with Δ >= real | B12: 0 | C12: 0
A13: Null preservation at 0.5 kT | B13: 0.003 | C13: 0 | D13: fraction preserved
A14: Null preservation at 1 kT | B14: 0 | C14: 0
A15: Null preservation at 2 kT | B15: 0 | C15: 0
A17: Descriptive only. No p-value, threshold or null-superiority verdict is authorized by the protocol.

Sheet Files_Notes
A1: Item | B1: Detail
A2: Authorization | B2: PRIMARY_AUTHORIZATION_v001.md (+ Addendum A)
A3: Driver | B3: scr_iii_b/primary_exec/primary_run_v001.py, sha256 2df16134…0c18b
A4: Result record | B4: PRIMARY_RESULT_v001.md; scr_iii_b/output/primary/PRIMARY_RESULT_v001.json
A5: Aborted first launch | B5: Killed by host sandbox in null phase; kept in output/primary/aborted_run_1/; values not used
A6: Not on disk | B6: Original Dryad sources and PREFLIGHT_v005–v009 zips; verified via extracted-tree manifests
A7: Source of figures | B7: Typed from the primary run output (PRIMARY_RESULT_v001.json); blue = hardcoded from run, black = formula
